{
	"info": {
		"_postman_id": "7e6801ff-da59-4d65-a3d4-265e1dd66d63",
		"name": "ZonaRefri",
		"schema": "https://schema.getpostman.com/json/collection/v2.1.0/collection.json",
		"_exporter_id": "48341808"
	},
	"item": [
		{
			"name": "Crear Cliente",
			"request": {
				"method": "GET",
				"header": [],
				"url": {
					"raw": ""
				}
			},
			"response": []
		},
		{
			"name": "Obtener cliente por ID",
			"request": {
				"method": "GET",
				"header": [],
				"url": {
					"raw": ""
				}
			},
			"response": []
		},
		{
			"name": "Actualizar cliente",
			"request": {
				"method": "GET",
				"header": [],
				"url": {
					"raw": ""
				}
			},
			"response": []
		},
		{
			"name": "Crear Productos",
			"request": {
				"method": "GET",
				"header": [],
				"url": {
					"raw": ""
				}
			},
			"response": []
		},
		{
			"name": "Eliminar productos",
			"request": {
				"method": "DELETE",
				"header": [],
				"body": {
					"mode": "raw",
					"raw": "{\r\n    \"cliente\": {\r\n        \"idCliente\": 1\r\n    },\r\n    \"fecha\": \"2025-12-02T15:28:00\",\r\n    \"estadoPago\": \"PENDIENTE\",\r\n    \"direccionEnvio\": \"Av. Mitre 500, Berazategui\"\r\n}",
					"options": {
						"raw": {
							"language": "json"
						}
					}
				},
				"url": {
					"raw": "http://localhost:8080/api/productos/4",
					"protocol": "http",
					"host": [
						"localhost"
					],
					"port": "8080",
					"path": [
						"api",
						"productos",
						"4"
					]
				}
			},
			"response": []
		}
	]
}